,Sex,DOB,Phone Number,MS,Ethnicity,CEthnicity,FName,LName,Street Address,City,State,Zip,Country,Insurance,PMH
1,M,1/9/1949,5674539872,Single,Not Hispanic,NH,Vernon,LOPEZ,Franklin Street,Chapel Hill,North Carolina,27599,United States,Blue Cross,Asthma
2,F,6/4/1950,9198765352,Widow,Not Hispanic,NH,Beth,GONZALEZ,Parrish Street,Durham,North Carolina,27708,United States,KFG,Diabetes
3,F,5/6/1928,6774243683,Single,Hispanic,H,Lee,MARTIN,Parrish Street,Durham,North Carolina,27708,United States,KFG,Pneumonia
4,F,1/3/1946,9198765352,Divorced,Not Hispanic,NH,Carolyn,THOMPSON,Hillsborough Street,Raleigh,North Carolina,27607,United States,Cigna,Ulcer
5,F,8/2/1936,4367674747,Divorced,Not Hispanic,NH,Judith,MARTINEZ,Franklin Street,Chapel Hill,North Carolina,27599,United States,Blue Cross,Anemia
6,F,6/2/1950,5674539872,Widow,Not Hispanic,NH,Janet,WHITE,Hillsborough Street,Raleigh,North Carolina,27607,United States,United Healthcare,Thyroid
7,F,4/4/1930,9198765352,Married,Not Hispanic,NH,Sheila,LEE,Hillsborough Street,Raleigh,North Carolina,27607,United States,United Healthcare,Chickenpox
8,M,2/9/1948,6774243683,Married,Not Hispanic,NH,Paul,MARTIN,Parrish Street,Durham,North Carolina,27708,United States,Blue Cross,Diabetes
9,M,5/4/1949,9198765352,Married,Not Hispanic,NH,Marlin,ANDERSON,Franklin Street,Chapel Hill,North Carolina,27599,United States,Cigna,Thyroid
10,M,9/2/1936,4367674747,Single,Not Hispanic,NH,Alfred,RODRIGUEZ,Parrish Street,Durham,North Carolina,27708,United States,Blue Cross,Anemia
