ATTRACTION_ONE,ATTRACTION_TWO,LENGTH_OF_TRAIL_IN_FEET
Airlie Gardens,Beautiful Falls,5808
Airlie Gardens,Dog Park,6336
Beautiful Falls,Coffee Shop,3168
Beautiful Falls,Dog Park,4224
Beautiful Falls,Elephant Sculpture,5280
Coffee Shop,Dog Park,2640
Coffee Shop,Elephant Sculpture,3696
Lake Raleigh,Beautiful Falls,1554
Beautiful Falls,Raleigh Bike Trail,2338
Lake Raleigh,Raleigh Bike Trail,2980
Lake Raleigh,Coffee Shop,1109
Airlie Gardens,Lake Raleigh,1150
Beautiful Falls,Bell Tower,3320
Raleigh Downtown,Beautiful Falls,990